Scott Evans,Alex Smith,Nick Oldenburger,Nick O,Aidan,Brendan Wood,Jon dvorak,Jon dvorak,Chase Rupiper,Max Reincke,Joe Greenwood,John Steffes,Michael Barta,Michael Barta,Riley Bach,Tyler Schroeder,Chase Rupiper,Collin Vetter,Mitchell Kleve,Your Daddy,Mitchell Kleve,Matt Ricke,Chad Ellenberger,Andrew Hauptmann,Gary Urban,Grant Pomerenk,Jaxon Steffes
RJ Harvey,RJ Harvey,Courtland Sutton,Courtland Sutton,RJ Harvey,Courtland Sutton,Courtland Sutton,RJ Harvey,DEN,RJ Harvey,Courtland Sutton,DEN,RJ Harvey,DEN,RJ Harvey,Bo Nix,Courtland Sutton,DEN,Courtland Sutton,RJ Harvey,RJ Harvey,Bo Nix,DEN,Troy Franklin,RJ Harvey,RJ Harvey,RJ Harvey
Stefon Diggs,Drake Maye,TreVeyon Henderson,Drake Maye,Drake Maye,Rhamondre Stevenson,Drake Maye,Hunter Henry,Drake Maye,Drake Maye,Drake Maye,Hunter Henry,Drake Maye,Drake Maye,Drake Maye,Drake Maye,Drake Maye,Drake Maye,TreVeyon Henderson,Drake Maye,Stefon Diggs,Drake Maye,Drake Maye,Drake Maye,TreVeyon Henderson,Drake Maye,TreVeyon Henderson
Trevor Lawrence,Trevor Lawrence,Trevor Lawrence,Travis Etienne,Trevor Lawrence,Trevor Lawrence,Trevor Lawrence,Travis Etienne,Travis Etienne,Cam Little,Travis Etienne,Travis Etienne,Travis Etienne,Trevor Lawrence,Trevor Lawrence,Trevor Lawrence,Brenton Strange,Trevor Lawrence,Cam Little,Travis Etienne,Travis Etienne,Travis Etienne,Brenton Strange,Travis Etienne,Trevor Lawrence,Trevor Lawrence,Travis Etienne
Kenneth Gainwell,Chris Boswell,Kenneth Gainwell,PIT,PIT,PIT,PIT,Chris Boswell,Kenneth Gainwell,DK Metcalf,DK Metcalf,DK Metcalf,Chris Boswell,Chris Boswell,PIT,Chris Boswell,PIT,DK Metcalf,PIT,Chris Boswell,PIT,PIT,Aaron Rodgers,PIT,Chris Boswell,Chris Boswell,Kenneth Gainwell
HOU,Nico Collins,HOU,Nico Collins,Nico Collins,Nico Collins,Nico Collins,Nico Collins,Nico Collins,Nico Collins,Nico Collins,Nico Collins,HOU,Nico Collins,Nico Collins,HOU,Nico Collins,Nico Collins,Nico Collins,HOU,Nico Collins,Nico Collins,Nico Collins,Nico Collins,HOU,HOU,HOU
Josh Allen,James Cook,Josh Allen,Josh Allen,James Cook,James Cook,James Cook,Josh Allen,Josh Allen,Josh Allen,Josh Allen,Josh Allen,Josh Allen,James Cook,James Cook,James Cook,Josh Allen,Josh Allen,Josh Allen,Josh Allen,Josh Allen,James Cook,Josh Allen,Josh Allen,Josh Allen,Josh Allen,Josh Allen
Oronde Gadsden,Ladd McConkey,Ladd McConkey,Omarion Hampton,Omarion Hampton,Cameron Dicker,Omarion Hampton,Omarion Hampton,Ladd McConkey,Quentin Johnston,LAC,Omarion Hampton,Omarion Hampton,Omarion Hampton,Ladd McConkey,Oronde Gadsden,Omarion Hampton,Omarion Hampton,Justin Herbert,Quentin Johnston,Justin Herbert,Justin Herbert,Ladd McConkey,Ladd McConkey,Ladd McConkey,Omarion Hampton,Justin Herbert
Jaxon Smith-Njigba,Jaxon Smith-Njigba,Jaxon Smith-Njigba,Jaxon Smith-Njigba,Jaxon Smith-Njigba,Jaxon Smith-Njigba,Jaxon Smith-Njigba,Jaxon Smith-Njigba,Jaxon Smith-Njigba,Jaxon Smith-Njigba,Jaxon Smith-Njigba,Jason Myers,Jaxon Smith-Njigba,Jaxon Smith-Njigba,Jaxon Smith-Njigba,Jaxon Smith-Njigba,Jaxon Smith-Njigba,Jaxon Smith-Njigba,Jaxon Smith-Njigba,Jaxon Smith-Njigba,Jaxon Smith-Njigba,Jaxon Smith-Njigba,Kenneth Walker,Sam Darnold,Kenneth Walker,Jaxon Smith-Njigba,Jaxon Smith-Njigba
D'Andre Swift,Colston Loveland,Cairo Santos,D'Andre Swift,D'Andre Swift,Caleb Williams,Colston Loveland,Luther Burden,Colston Loveland,Colston Loveland,Colston Loveland,Luther Burden,Colston Loveland,Colston Loveland,Colston Loveland,D'Andre Swift,Luther Burden,Colston Loveland,Colston Loveland,Colston Loveland,Colston Loveland,Colston Loveland,Cairo Santos,Colston Loveland,DJ Moore,Colston Loveland,Cairo Santos
Jalen Hurts,Jalen Hurts,Dallas Goedert,Jalen Hurts,Jalen Hurts,Dallas Goedert,Saquon Barkley,Jalen Hurts,Jalen Hurts,Jalen Hurts,Saquon Barkley,Jalen Hurts,Jalen Hurts,Jalen Hurts,Jalen Hurts,DeVonta Smith,Saquon Barkley,Saquon Barkley,Jalen Hurts,Jalen Hurts,Jalen Hurts,Saquon Barkley,Saquon Barkley,Saquon Barkley,Dallas Goedert,A.J. Brown,Saquon Barkley
Rico Dowdle,CAR,Tetairoa McMillan,Ryan Fitzgerald,Ryan Fitzgerald,Tetairoa McMillan,Ryan Fitzgerald,CAR,Ryan Fitzgerald,CAR,Ryan Fitzgerald,Tetairoa McMillan,Tetairoa McMillan,Rico Dowdle,Ryan Fitzgerald,Rico Dowdle,Ryan Fitzgerald,Ryan Fitzgerald,Tetairoa McMillan,Tetairoa McMillan,Ryan Fitzgerald,Ryan Fitzgerald,Tetairoa McMillan,Tetairoa McMillan,Rico Dowdle,Tetairoa McMillan,Tetairoa McMillan
Puka Nacua,Puka Nacua,Matthew Stafford,Puka Nacua,Puka Nacua,Matthew Stafford,Puka Nacua,Matthew Stafford,Puka Nacua,Puka Nacua,Matthew Stafford,Davante Adams,Puka Nacua,Puka Nacua,Puka Nacua,Puka Nacua,Matthew Stafford,Puka Nacua,Puka Nacua,Kyren Williams,Puka Nacua,Puka Nacua,Puka Nacua,Puka Nacua,Puka Nacua,Puka Nacua,Puka Nacua
Christian McCaffrey,Christian McCaffrey,Christian McCaffrey,George Kittle,George Kittle,Christian McCaffrey,Christian McCaffrey,Christian McCaffrey,Christian McCaffrey,Christian McCaffrey,Christian McCaffrey,Christian McCaffrey,Christian McCaffrey,Christian McCaffrey,Christian McCaffrey,Christian McCaffrey,Christian McCaffrey,George Kittle,Christian McCaffrey,Christian McCaffrey,Christian McCaffrey,Christian McCaffrey,Christian McCaffrey,Christian McCaffrey,Brock Purdy,Christian McCaffrey,George Kittle
Brandon McManus,Christian Watson,Josh Jacobs,Josh Jacobs,Josh Jacobs,Christian Watson,Jordan Love,Josh Jacobs,Josh Jacobs,Josh Jacobs,Josh Jacobs,Jordan Love,Josh Jacobs,Josh Jacobs,Josh Jacobs,Josh Jacobs,Josh Jacobs,Josh Jacobs,Josh Jacobs,Christian Watson,Josh Jacobs,Josh Jacobs,Christian Watson,Brandon McManus,Christian Watson,Christian Watson,Jordan Love